id,collection_code,objectid,username,vote,created_at,favorite
cd877409-0006-4b4d-8100-58d11c2f9d01,0LXSM,41,Charas,1,2025-09-18 04:14:05.279275+00,false
f031386f-325a-42dd-9a39-abac4beebe1b,0LXSM,207830,Charas,1,2025-09-18 04:14:19.685446+00,false
94d2df20-a1c4-4603-a589-4f0bb1794a57,0LXSM,313008,Charas,1,2025-09-18 04:14:21.756494+00,false
61506e99-76df-4682-b023-89179e0aad60,0LXSM,118,Charas,1,2025-09-18 04:14:25.037074+00,false
74ac830d-6d08-49fb-acbe-19a52d1ed88d,0LXSM,211534,Charas,1,2025-09-18 04:14:26.789079+00,false
2f294f88-01bc-41b1-8f47-0ad6362a871d,0LXSM,10547,Charas,1,2025-09-18 04:14:28.460189+00,false
0e6ee016-f5b6-41ad-be7a-bbfd750c8574,0LXSM,383009,Charas,1,2025-09-18 04:14:40.547609+00,false
7762c53a-2d29-4f38-8c27-2b622c18e71b,0LXSM,413246,Charas,1,2025-09-18 04:14:42.051259+00,false
c680b59f-936b-435a-be98-dd68ee6ea468,0LXSM,313008,sonicowoDX,1,2025-09-18 04:15:24.861641+00,false
6f6380db-112a-45f6-8bf3-83904c82592d,0LXSM,211534,sonicowoDX,1,2025-09-18 04:15:30.77733+00,false
5492c59b-62e1-4870-b56d-fb26ae4fd2bf,0LXSM,383009,sonicowoDX,1,2025-09-18 04:15:35.187127+00,false
96b5ea5a-6da3-4c4b-9c2d-d3082dd660d5,0LXSM,360484,sonicowoDX,1,2025-09-18 04:15:37.709069+00,false
ce30e1ee-cc3d-42ce-9a65-6baad31b8ff8,0LXSM,392200,sonicowoDX,1,2025-09-18 04:15:38.406666+00,false
c96b43f7-e036-410a-8333-f8aff8f20d82,0LXSM,345972,sonicowoDX,1,2025-09-18 04:15:38.930988+00,false
11756ca3-0803-4403-a670-6f48621c0e2e,0LXSM,358246,sonicowoDX,1,2025-09-18 04:15:45.295041+00,false
da565790-885b-4fd1-acb9-1d173b90e55b,0LXSM,121193,sonicowoDX,1,2025-09-18 04:15:46.172532+00,false
2bb59cec-9762-4ca3-ae76-f7d9ccac5eb0,0LXSM,390422,sonicowoDX,1,2025-09-18 04:15:48.18254+00,false
e0b99c10-b9e0-4ee9-9e34-1df8e37ecf00,0LXSM,421471,sonicowoDX,1,2025-09-18 04:15:50.794098+00,false
ab1f77fb-ae87-4aff-8725-7d2e83b8f2f9,0LXSM,369646,sonicowoDX,1,2025-09-18 04:15:51.604794+00,false
448b6e97-49df-4c3b-bf5f-e34ecde7bda3,0LXSM,430124,sonicowoDX,1,2025-09-18 04:15:52.294699+00,false
88278b80-227b-49d1-b5ae-6344ed82a679,0LXSM,423689,sonicowoDX,1,2025-09-18 04:15:52.99608+00,false
3aa4c326-03e7-405b-9c39-36e2f6397b0e,0LXSM,410813,sonicowoDX,1,2025-09-18 04:15:53.85479+00,false
946e50f6-0371-4bef-943d-725a4ef137ad,0LXSM,357746,sonicowoDX,1,2025-09-18 04:15:55.10611+00,false
004ae15b-ea16-43cd-948e-fce858b14527,0LXSM,365581,sonicowoDX,1,2025-09-18 04:15:55.989349+00,false
9093fc8e-14a8-4c66-bb2b-154581e8b4de,0LXSM,423295,sonicowoDX,1,2025-09-18 04:15:56.58392+00,false
c6dd6521-e959-4138-bc53-42ac3b96ecec,0LXSM,403508,sonicowoDX,1,2025-09-18 04:15:57.240405+00,false
2fb1df28-ab38-42f3-9d3f-8d0ecc035b85,0LXSM,423687,sonicowoDX,1,2025-09-18 04:15:58.10148+00,false
9affc7b3-6568-4c82-a19a-c740eab2bb8d,0LXSM,446207,sonicowoDX,1,2025-09-18 04:15:58.751742+00,false
92640ca7-32be-4742-877e-24b491c3b97d,0LXSM,254683,sonicowoDX,1,2025-09-18 04:16:08.155662+00,false
aca6de33-d00f-4375-8b6f-130514b858ac,0LXSM,363278,sonicowoDX,1,2025-09-18 04:16:08.66295+00,false
571226f8-c9a9-4833-91b5-148748828092,0LXSM,395906,sonicowoDX,1,2025-09-18 04:16:10.366584+00,false
488d7c6b-cc7b-4c99-9a81-7c1ed307cdce,0LXSM,256804,sonicowoDX,1,2025-09-18 04:16:11.137524+00,false
897e0284-2509-472e-b9c0-662999d5ac66,0LXSM,343282,sonicowoDX,1,2025-09-18 04:16:11.808415+00,false
7d0b3101-e710-4ad2-a9bb-911f4665a03b,0LXSM,260214,sonicowoDX,1,2025-09-18 04:16:12.787143+00,false
6cd53c1c-5d77-4ab8-b97f-4c7e9e6d027e,0LXSM,346205,sonicowoDX,1,2025-09-18 04:16:13.816968+00,false
17db038b-73a5-4f1f-a285-f6a32f6078ec,0LXSM,385761,sonicowoDX,1,2025-09-18 04:16:14.524023+00,false
f95f409c-67eb-4466-99e4-60833e2de945,0LXSM,354775,sonicowoDX,1,2025-09-18 04:16:18.231986+00,false
8ef82a92-b6da-4766-8965-c71d36362f60,0LXSM,307686,sonicowoDX,1,2025-09-18 04:16:18.879148+00,false
302ea9fa-6fd1-45c3-99fe-8fd555f577c4,0LXSM,277659,sonicowoDX,1,2025-09-18 04:16:19.51959+00,false
a25d90a3-ef5c-43c9-a83b-3ab0a11f8bd9,0LXSM,140,sonicowoDX,1,2025-09-18 04:16:21.660548+00,false
5eed925f-85b3-461d-bb2d-38de51f5387c,0LXSM,436892,sonicowoDX,1,2025-09-18 04:16:23.17083+00,false
6e9f4331-b7d0-4f2e-b3f9-1af314f088bf,0LXSM,386835,sonicowoDX,1,2025-09-18 04:16:25.436361+00,false
869906d4-dd91-4ea7-8bb4-435466626b7d,0LXSM,354824,sonicowoDX,1,2025-09-18 04:16:26.68232+00,false
d3e62242-f092-466d-9c7e-d56071264af0,0LXSM,307683,sonicowoDX,1,2025-09-18 04:16:27.848357+00,false
76f0e6ea-9132-470c-af5d-6fad8fcbf0bf,0LXSM,307684,sonicowoDX,1,2025-09-18 04:16:29.129083+00,false
f1a99af9-25d4-4766-9e3f-7c61ec0a2e06,0LXSM,357963,sonicowoDX,1,2025-09-18 04:16:30.839471+00,false
c4c2914f-3fd2-482a-b0c0-955db59167bd,0LXSM,226605,sonicowoDX,1,2025-09-18 04:16:31.647105+00,false
a2c49ee5-6d1c-47d2-9300-12f3984cd07b,0LXSM,336986,sonicowoDX,1,2025-09-18 04:16:32.851382+00,false
809131d7-596e-48b4-b743-711b296de7bc,0LXSM,420087,sonicowoDX,1,2025-09-18 04:16:33.752164+00,false
bf0bf7dd-2a30-4b21-95a6-43b406e64bda,0LXSM,424991,sonicowoDX,1,2025-09-18 04:16:38.572554+00,false
1e41635a-b52b-4069-999e-85e9d7a27cb4,0LXSM,381072,sonicowoDX,1,2025-09-18 04:16:39.384961+00,false
bdc54dc2-ea57-48b1-a6d4-d613a85de4d0,0LXSM,356909,sonicowoDX,1,2025-09-18 04:16:40.160708+00,false
8816153e-77cd-4fac-b807-bad471d61749,0LXSM,325414,sonicowoDX,1,2025-09-18 04:16:41.890323+00,false
ab6f2ff4-1161-4ecc-8389-f62284d47c5a,0LXSM,325451,sonicowoDX,1,2025-09-18 04:16:42.649566+00,false
cbf34c55-bc92-4e32-8734-5e5dd70a5a64,0LXSM,395822,sonicowoDX,1,2025-09-18 04:16:43.441572+00,false
ddc63fde-f1f1-476b-85db-1db7ba3ba0c6,0LXSM,414317,sonicowoDX,1,2025-09-18 04:16:44.196563+00,false
338d26fa-e790-47e2-a5cb-1119350141f1,0LXSM,366013,sonicowoDX,1,2025-09-18 04:16:45.026425+00,false
52cfceaf-7b8e-4d67-8e46-3f0e240eb636,0LXSM,299252,sonicowoDX,1,2025-09-18 04:16:45.983239+00,false
df9ebcc4-171a-4c38-a7fb-5548237f3ea3,0LXSM,346467,sonicowoDX,1,2025-09-18 04:16:47.664923+00,false
bd15f32b-52cf-49f9-98a9-fa55f4eb1304,0LXSM,315954,sonicowoDX,1,2025-09-18 04:16:48.258724+00,false
9150501f-d611-4689-b752-774fb341bb3f,0LXSM,397897,sonicowoDX,1,2025-09-18 04:16:49.424464+00,false
270c827f-cb38-4309-8d4d-2a1eb2358300,0LXSM,313718,sonicowoDX,1,2025-09-18 04:16:50.282447+00,false
efda6805-3376-4ccb-aec5-a1a9289af3ac,0LXSM,321259,sonicowoDX,1,2025-09-18 04:16:51.043047+00,false
d1536e78-f11d-4001-a171-c8ac2b779501,0LXSM,349286,sonicowoDX,1,2025-09-18 04:16:51.629982+00,false
ea2488e0-6445-4c2f-8783-91b0f74ac4e7,0LXSM,364787,sonicowoDX,1,2025-09-18 04:16:53.612777+00,false
ae3f98ce-ccb8-4903-8fed-5b39994078d7,0LXSM,325829,sonicowoDX,1,2025-09-18 04:16:58.957582+00,false
437f4260-2214-438b-a455-6121bba78ec7,0LXSM,335869,sonicowoDX,1,2025-09-18 04:16:59.708227+00,false
4bda2841-b244-455d-8575-7473122a76d1,0LXSM,287228,sonicowoDX,1,2025-09-18 04:17:00.459009+00,false
48f39a1d-1856-40d3-b96f-7f6a4d9c21db,0LXSM,358690,sonicowoDX,1,2025-09-18 04:17:01.106742+00,false
30ffa897-7d2c-4905-803d-85c24ca1468a,0LXSM,354553,sonicowoDX,1,2025-09-18 04:17:02.553298+00,false
a77ec624-924c-40a9-bdd8-319147d64c79,0LXSM,298047,sonicowoDX,1,2025-09-18 04:17:03.277721+00,false
ce7aec74-4601-4669-b13e-6525d9243c4f,0LXSM,360153,sonicowoDX,1,2025-09-18 04:17:04.248605+00,false
aa4e3d5f-90d5-4531-bc0e-dc4a5b2cfc8d,0LXSM,403511,sonicowoDX,1,2025-09-18 04:17:04.916253+00,false
eb71f749-443f-43ef-8bde-b7d62e083263,0LXSM,360061,sonicowoDX,1,2025-09-18 04:17:05.479711+00,false
267ce884-0802-4ade-a8ac-b7941b1d7c9d,0LXSM,360152,sonicowoDX,1,2025-09-18 04:17:06.0632+00,false
bef294a7-025d-456a-9a48-6c1f8d924d6d,0LXSM,379908,sonicowoDX,1,2025-09-18 04:17:08.797552+00,false
21802ef8-42a2-44a2-974c-32de809b35f8,0LXSM,413246,sonicowoDX,1,2025-09-18 04:15:34.505675+00,true
cdc47397-6bbf-4c62-b0f0-559d2cd80e3f,0LXSM,41,sonicowoDX,1,2025-09-18 04:15:22.254191+00,false
2166511d-5efd-450a-80d0-d98310bca2a1,0LXSM,365761,sonicowoDX,1,2025-09-18 04:15:32.698891+00,true
e35d324a-302a-4cb0-ab9d-0de16429c7af,0LXSM,332386,sonicowoDX,1,2025-09-18 04:15:34.028755+00,true
8909f3be-b92d-4e74-8b99-bb55b03b12c4,0LXSM,359502,sonicowoDX,1,2025-09-18 04:15:33.369298+00,true
4608d402-0ec7-49d7-90df-a6b996a640a5,0LXSM,10547,sonicowoDX,1,2025-09-18 04:15:31.458613+00,true
238e6dfd-f2c4-4b87-ac23-1ac2d7266dbb,0LXSM,393429,sonicowoDX,1,2025-09-18 04:15:44.358945+00,true
30bf2eea-ec9e-4b8a-8f09-c15b61748be9,0LXSM,414479,sonicowoDX,1,2025-09-18 04:15:43.524249+00,true
db813897-4085-4b3c-bba5-d82c6f57ebb6,0LXSM,397931,sonicowoDX,1,2025-09-18 04:15:49.928263+00,true
843c75c4-3f7c-45d4-bd57-cae0ca8cee5e,0LXSM,352764,sonicowoDX,1,2025-09-18 04:16:00.553856+00,true
79ee0a18-6b76-4181-a099-25cf4fd5fb2e,0LXSM,331050,sonicowoDX,1,2025-09-18 04:16:01.421133+00,true
df1fb9bc-250f-4244-8686-57eb3b26a16b,0LXSM,284760,sonicowoDX,1,2025-09-18 04:16:01.979624+00,true
bff4dcbd-4061-4c67-8aae-97a54dcb0beb,0LXSM,391561,sonicowoDX,1,2025-09-18 04:16:03.430811+00,true
9dfecdae-5058-4014-84ce-0d310ef37c9d,0LXSM,299047,sonicowoDX,1,2025-09-18 04:16:04.09795+00,true
0e4fa064-3254-4b98-90a1-9a47b195a3f3,0LXSM,411003,sonicowoDX,1,2025-09-18 04:16:05.747188+00,true
a4b4a8ba-7d45-4db8-a1ea-9a8d6a765d61,0LXSM,256382,sonicowoDX,1,2025-09-18 04:16:06.427552+00,true
954830e8-7cb8-4f75-b74e-66813b46db57,0LXSM,383172,sonicowoDX,1,2025-09-18 04:17:13.792876+00,false
5995ad51-5179-44e8-b3bf-7683e8a9baf0,0LXSM,365119,sonicowoDX,1,2025-09-18 04:17:14.660323+00,false
b4a9f61f-4ec4-4260-92c3-779759cb39d8,0LXSM,424573,sonicowoDX,1,2025-09-18 04:17:15.396673+00,false
8e015de7-317d-4c29-80da-f02d84f145cc,0LXSM,381834,sonicowoDX,1,2025-09-18 04:17:16.174036+00,false
d32d840d-e059-4e3e-888d-9a3928c3cdfc,0LXSM,281094,sonicowoDX,1,2025-09-18 04:17:17.121037+00,false
e66196b4-e422-4117-9a4c-92ecefadb9bf,0LXSM,378367,sonicowoDX,1,2025-09-18 04:17:19.604278+00,false
48d0e616-7cae-43b7-b853-d187689a1445,0LXSM,411981,sonicowoDX,1,2025-09-18 04:17:20.376593+00,false
b283b6e1-274f-46c8-8994-bef84de5352a,0LXSM,94837,sonicowoDX,1,2025-09-18 04:17:41.014893+00,false
f14312e3-db73-4c02-be2c-361263ab4b88,0LXSM,188834,sonicowoDX,1,2025-09-18 04:17:42.009097+00,false
51ae5f52-950a-46be-a9b9-20f329be54c5,0LXSM,298638,sonicowoDX,1,2025-09-18 04:17:42.9739+00,false
4c8c9f7b-9a93-413b-b29b-48a582bcfed5,0LXSM,230765,sonicowoDX,1,2025-09-18 04:17:44.666823+00,false
4bc011b1-6cc2-4c89-af03-92a986a7f4bb,0LXSM,401235,sonicowoDX,1,2025-09-18 04:17:45.382324+00,false
4c2c84a0-d4e8-4f7b-9e28-66979e79918f,0LXSM,150145,sonicowoDX,1,2025-09-18 04:17:46.167362+00,false
b0f8163a-a345-4f04-bdbf-94204db09de4,0LXSM,425428,sonicowoDX,1,2025-09-18 04:17:46.835193+00,false
967f2eb5-1d10-4511-96cf-f5d58c86664b,0LXSM,340420,sonicowoDX,1,2025-09-18 04:17:52.671584+00,false
9ad521ad-1d51-4bd7-8d63-93a332a19ced,0LXSM,274533,sonicowoDX,1,2025-09-18 04:17:53.465964+00,false
20d96e2e-95f9-41d5-b4b4-e23e51f20d0d,0LXSM,346296,sonicowoDX,1,2025-09-18 04:18:01.99904+00,false
12e754f7-ed47-46f7-824b-833a1c079297,0LXSM,429840,sonicowoDX,1,2025-09-18 04:19:38.034435+00,false
a152daae-c5b9-4c02-9d54-7c00ca5e9f77,0LXSM,429842,sonicowoDX,1,2025-09-18 04:19:42.811238+00,false
c3ba4bae-9531-4904-bce3-e0e2d05e3a77,0LXSM,429841,sonicowoDX,1,2025-09-18 04:19:44.371389+00,false
88c62d6c-6df2-4c89-a3fb-0e2346290964,0LXSM,234190,sonicowoDX,1,2025-09-18 04:19:47.640007+00,false
e98c912a-3c08-4a73-bb26-d2b6c284fb0f,0LXSM,180020,sonicowoDX,1,2025-09-18 04:19:48.38452+00,false
e40e987a-904c-4ef5-9408-806a352ad723,0LXSM,266667,sonicowoDX,1,2025-09-18 04:19:49.009112+00,false
0d0c6906-2b69-4bc8-9a7b-99f2f2f0f2bd,0LXSM,323242,sonicowoDX,1,2025-09-18 04:19:49.743774+00,false
275c59d7-e22f-4c6d-a416-a81166371f15,0LXSM,355483,sonicowoDX,1,2025-09-18 04:19:50.315135+00,false
c252668d-4921-4b20-9ad2-ab931b224513,0LXSM,266192,sonicowoDX,1,2025-09-18 04:19:51.22517+00,false
a3c1e944-4973-45db-afdd-38b26f752931,0LXSM,336622,sonicowoDX,1,2025-09-18 04:19:52.932112+00,false
1b3dc9d6-6ffa-4ab7-b12d-94dbe6d4758d,0LXSM,425077,sonicowoDX,1,2025-09-18 04:19:53.717814+00,false
77c74df8-3335-4a91-bb73-bf3803d9ca0f,0LXSM,362202,sonicowoDX,1,2025-09-18 04:19:54.358508+00,false
18793da8-207d-409d-a18f-8675c35f95db,0LXSM,292033,sonicowoDX,0,2025-09-18 16:42:39.097327+00,false
087571e4-5ef7-4d36-9788-1fe501eb675e,0LXSM,292031,sonicowoDX,0,2025-09-18 16:42:40.267447+00,false
c7cff4f2-41df-4af1-8ed3-a8a5dab1383d,0LXSM,292029,sonicowoDX,0,2025-09-18 16:42:40.97558+00,false
851baa25-088f-4661-b90f-272d91d4a256,0LXSM,105593,sonicowoDX,1,2025-09-18 16:43:13.951034+00,false
c4e61e5e-71ab-41b1-96c8-8db95985223e,0LXSM,341876,sonicowoDX,0,2025-09-18 16:43:24.619514+00,false
3f3e99e7-f249-4397-9f2d-910503be13fc,0LXSM,253664,sonicowoDX,0,2025-09-18 16:43:25.55786+00,false
97fcf2d7-99f1-4c2e-a349-cee780696c64,0LXSM,316287,sonicowoDX,-2,2025-09-18 16:47:06.342303+00,false
7d8874d2-0041-4230-97db-80652763c1a6,0LXSM,430837,sonicowoDX,-2,2025-09-18 16:47:11.803372+00,false
460df568-4896-4d5a-b124-3325acd99bb0,0LXSM,430529,sonicowoDX,-2,2025-09-18 16:47:13.284137+00,false
a057bb85-a0ed-4bad-a3d1-11a493b381cf,0LXSM,429843,sonicowoDX,-2,2025-09-18 16:47:13.885043+00,false
ae7d4b89-ed6b-46ff-8fb1-4cf993e03a0b,0LXSM,430244,sonicowoDX,-2,2025-09-18 16:47:14.574235+00,false
fceea311-0195-40f2-b3dc-f003b36f333b,0LXSM,303600,sonicowoDX,-2,2025-09-18 16:47:23.994826+00,false
ea689cf1-18bd-44ba-aa08-4c0383ff2316,0LXSM,423729,sonicowoDX,-2,2025-09-18 16:47:26.251262+00,false
af325219-4fdf-49ea-ae17-5455f0e0ea3e,0LXSM,1472,sonicowoDX,-2,2025-09-18 16:47:33.550263+00,false
bfeb3fe5-c0ce-41c4-b5f6-4569427c97fd,0LXSM,310177,sonicowoDX,-2,2025-09-18 16:47:36.513779+00,false
39702ac3-da68-4f25-93d6-1b4888ebccaa,0LXSM,307687,sonicowoDX,-2,2025-09-18 16:47:37.105528+00,false
bdbe66f5-9611-4df0-a956-40ecd9fb736f,0LXSM,354776,sonicowoDX,-2,2025-09-18 16:47:38.516945+00,false
b4ed64ec-fc50-411d-bccb-448fe0978f7c,0LXSM,416087,sonicowoDX,-2,2025-09-18 16:47:41.296756+00,false
2783c024-326a-45d4-bf2a-a2797063f3e7,0LXSM,392144,sonicowoDX,-2,2025-09-18 16:47:45.673255+00,false
0630f8d0-ea73-4c22-8040-ffe169005a37,0LXSM,360485,sonicowoDX,-2,2025-09-18 16:47:48.470743+00,false
0a650864-150d-45d9-a040-53b1f2514e89,0LXSM,378890,sonicowoDX,-2,2025-09-18 16:47:50.801002+00,false
f6c11154-6f0e-4ea4-bac7-94968fbb8415,0LXSM,378890,Charas,-2,2025-09-18 20:05:26.397032+00,false
194074de-f918-44a5-9fa3-b861489a70ec,0LXSM,332386,Charas,1,2025-09-18 20:05:35.259383+00,false
c13b5bdf-1fb9-48a2-ad94-8c24a2e7f8eb,0LXSM,359502,Charas,1,2025-09-18 20:05:38.329189+00,false
755e5386-0672-4463-b603-378599acfb97,0LXSM,365761,Charas,-2,2025-09-18 20:05:41.204184+00,false
c0c2f90e-f712-4153-b84e-6da411d6f62c,0LXSM,360485,Charas,-2,2025-09-18 20:05:52.425568+00,false
c5550046-1411-4cac-9bd4-52d92f371d04,0LXSM,360484,Charas,1,2025-09-18 20:05:57.882258+00,false
fe06bff5-4640-48ee-b1d6-ba833052bf1d,0LXSM,392200,Charas,1,2025-09-18 20:05:59.894653+00,false
acb40893-5eb7-4f10-9efd-92f3a629cdd8,0LXSM,345972,Charas,1,2025-09-18 20:06:01.973394+00,false
f2a46c66-aae7-41dc-bc1a-5248e7c2aba2,0LXSM,359893,Charas,1,2025-09-18 20:06:06.917991+00,false
d2386756-a890-4e68-aff0-6835e9c71868,0LXSM,377061,Charas,1,2025-09-18 20:06:09.735258+00,false
56ea1376-c51c-4a20-87a3-15be1e7462eb,0LXSM,390422,Charas,1,2025-09-18 20:06:11.648663+00,false
9c13fc16-7d4d-453b-a59e-7bf85dca4558,0LXSM,392144,Charas,-2,2025-09-18 20:06:14.768027+00,false
36bc158a-edaf-47e8-bac9-054053711249,0LXSM,121193,Charas,1,2025-09-18 20:06:19.144885+00,false
26751a40-3382-4857-b9bf-678ef6e30d53,0LXSM,393429,Charas,1,2025-09-18 20:06:20.343797+00,false
759f5e1e-56ae-464b-8562-7f174b891134,0LXSM,414479,Charas,1,2025-09-18 20:06:23.23179+00,false
662b6a62-5469-40f2-af57-42a3923e2bf6,0LXSM,358246,Charas,-2,2025-09-18 20:06:25.185271+00,false
6df87413-1885-4ab6-bd34-6cd50a8787f8,0LXSM,397931,Charas,1,2025-09-18 20:06:27.232098+00,false
eaad327c-3ca0-40a3-a673-ccfd69f645c5,0LXSM,421471,Charas,1,2025-09-18 20:06:28.505664+00,false
383dbcae-27e8-49dc-9dab-e6710bde6b87,0LXSM,369646,Charas,1,2025-09-18 20:06:37.165721+00,false
639de189-8435-4b7b-98fd-9c4baa9a52a7,0LXSM,430124,Charas,1,2025-09-18 20:06:38.645164+00,false
5042ae8b-dd82-4d3e-bb95-66ed39974652,0LXSM,423689,Charas,1,2025-09-18 20:06:40.276765+00,false
7dc0b183-d397-4323-9218-6b7b9fdc3e06,0LXSM,410813,Charas,1,2025-09-18 20:06:42.583909+00,false
daf8ac12-d241-4bd3-8feb-c2f660300f1b,0LXSM,446207,Charas,1,2025-09-18 20:06:45.114682+00,false
38cedcfb-d065-449d-8694-9aa44148df21,0LXSM,423687,Charas,1,2025-09-18 20:06:49.539247+00,false
cdb08285-054c-4373-982c-7f59f9329e97,0LXSM,403508,Charas,1,2025-09-18 20:06:50.644869+00,false
fb1f98ef-f8f3-4fd0-9fc8-541b1670158e,0LXSM,423295,Charas,1,2025-09-18 20:06:52.713093+00,false
603a222f-e39f-44b0-b858-7025fa959d9a,0LXSM,365581,Charas,1,2025-09-18 20:06:55.896675+00,false
66c4822e-584f-48e2-b32e-c1219af0b28f,0LXSM,357746,Charas,1,2025-09-18 20:06:57.719434+00,false
ea714ccd-becf-4ed8-8300-d722deb725f2,0LXSM,352764,Charas,1,2025-09-18 20:07:14.257024+00,false
ea2c86e5-8849-4fd0-b50e-472f58443275,0LXSM,331050,Charas,1,2025-09-18 20:07:16.983254+00,false
75a72526-5c16-423b-a494-c43fc1bee071,0LXSM,284760,Charas,1,2025-09-18 20:07:24.180165+00,false
372b471b-3f50-40d6-93d9-976a7f126e53,0LXSM,391217,Charas,-2,2025-09-18 20:07:26.207969+00,false
5bd2c786-78ef-4d8c-8c70-3c025dda88ac,0LXSM,391561,Charas,1,2025-09-18 20:07:27.732184+00,false
24e06562-9bd4-41d4-8977-79c6cd001829,0LXSM,299047,Charas,1,2025-09-18 20:07:29.346246+00,false
be910fcc-c458-440e-bc31-735959bbe4f3,0LXSM,411003,Charas,1,2025-09-18 20:07:33.171508+00,false
ada562a3-1a98-4bf7-b423-338765a62c8f,0LXSM,335528,sonicowoDX,1,2025-09-18 04:17:10.345338+00,true
05caef4c-1bd9-46ab-b84b-5a339ad24a02,0LXSM,379056,sonicowoDX,-2,2025-09-18 16:46:44.377133+00,true
dcf5ec42-fbc3-4eee-a91b-07b3b97cfa00,0LXSM,237182,sonicowoDX,1,2025-09-18 04:17:24.672766+00,true
6d80b43a-10a4-4cfd-b55c-423243d8050a,0LXSM,334486,sonicowoDX,1,2025-09-18 04:17:25.302191+00,true
abcfc5f9-61d8-4970-b4f8-01e577d686ae,0LXSM,336276,sonicowoDX,1,2025-09-18 04:17:26.764397+00,true
807a6842-2395-42a8-99e3-1d1b7befe0eb,0LXSM,334485,sonicowoDX,1,2025-09-18 04:17:27.452735+00,true
83b56f31-ad18-4756-bed8-ad1a33369984,0LXSM,272638,sonicowoDX,1,2025-09-18 04:17:28.969236+00,true
65911750-8a9f-4ce8-a05a-053f4cbfca2c,0LXSM,330149,sonicowoDX,1,2025-09-18 04:17:29.53805+00,true
f9b9b7a1-ccd0-47a5-aba9-04e5f8c85da2,0LXSM,241386,sonicowoDX,1,2025-09-18 04:17:30.376181+00,true
bc6a0425-8c5c-429d-b871-4cc0275f365e,0LXSM,272637,sonicowoDX,1,2025-09-18 04:17:32.317369+00,true
071d66cb-c684-41d7-b56a-54222491949d,0LXSM,361193,sonicowoDX,1,2025-09-18 04:17:36.388653+00,true
82681d09-b5c6-4acc-a88b-c036c9d6ac1e,0LXSM,256382,Charas,1,2025-09-18 20:07:34.445248+00,false
168d083a-2991-4950-b421-56f47fe4b8d9,0LXSM,271518,Charas,1,2025-09-18 20:07:39.095737+00,false
2867e611-11c0-4db8-ad86-f66ed3edc371,0LXSM,416087,Charas,-2,2025-09-18 20:07:54.518571+00,false
18db70cf-a877-4eac-bd1f-0a713b3dde14,0LXSM,254683,Charas,1,2025-09-18 20:07:55.22654+00,false
a3683577-be3c-4b46-81dd-9fdfd7ad80f8,0LXSM,363278,Charas,1,2025-09-18 20:07:56.874041+00,false
8a2bcd99-7de4-448f-b3d2-4dedd7bd4f65,0LXSM,395906,Charas,1,2025-09-18 20:07:58.200729+00,false
4d724c39-90b9-473f-a56f-df6c9289ca20,0LXSM,256804,Charas,1,2025-09-18 20:07:59.70266+00,false
559c351b-c3c7-4c5b-ac41-94b0a3139e5b,0LXSM,343282,Charas,1,2025-09-18 20:08:00.821823+00,false
815251ad-1fb7-4c87-85c3-3404556925a7,0LXSM,260214,Charas,1,2025-09-18 20:08:03.604564+00,false
3681dd02-138b-4ee3-8044-5fcbc5176e06,0LXSM,346205,Charas,1,2025-09-18 20:08:05.689059+00,false
be4d04b3-5f62-4e8a-a37d-11f13d88cda5,0LXSM,385761,Charas,-2,2025-09-18 20:08:08.882368+00,false
c444f870-d93c-4421-b59c-0eaa2d412f6a,0LXSM,140,Charas,1,2025-09-18 20:08:12.658953+00,false
fae309ec-10ab-4df9-a3ec-288812c5b4ec,0LXSM,436892,Charas,1,2025-09-18 20:08:17.240748+00,false
fcaf0d35-6704-46d0-b139-5eaef575487b,0LXSM,357963,Charas,1,2025-09-18 20:08:29.16458+00,false
aa5de711-1d53-4029-8f3a-5add37cf58ed,0LXSM,226605,Charas,1,2025-09-18 20:08:30.450956+00,false
b683993b-232c-4ce2-a2d6-dc6e19b7ec52,0LXSM,1472,Charas,-2,2025-09-18 20:08:32.399927+00,false
1c8df2bb-aa76-4c87-a783-8598b76b2490,0LXSM,336986,Charas,1,2025-09-18 20:08:34.30849+00,false
0a07834f-b552-409a-aab8-4e3759911533,0LXSM,420087,Charas,1,2025-09-18 20:08:36.364025+00,false
f12306a2-623e-4333-b852-d069198f46ab,0LXSM,292033,Charas,1,2025-09-18 20:08:38.355574+00,false
87fbb688-747b-4b9e-831e-85a97da6b8fc,0LXSM,292029,Charas,1,2025-09-18 20:08:40.5736+00,false
1c76881c-8b33-4ba2-91fa-9e7ea29bf279,0LXSM,292031,Charas,1,2025-09-18 20:08:42.327353+00,false
06c769c5-5dac-4319-85a6-8a48b4502d22,0LXSM,321539,Charas,1,2025-09-18 20:08:43.303917+00,false
d3fe4e93-69a5-4fcc-bf54-ace75a5d7a53,0LXSM,424991,Charas,1,2025-09-18 20:08:44.563457+00,false
4016650c-fd8c-407c-b918-1fd65e38ac7a,0LXSM,381072,Charas,1,2025-09-18 20:08:46.382303+00,false
3018ffae-8930-49e9-bd5c-45c5550008c6,0LXSM,356909,Charas,1,2025-09-18 20:08:48.797483+00,false
156107cf-49f8-4a90-84e7-aeb4a7f9d654,0LXSM,325414,Charas,1,2025-09-18 20:08:50.712908+00,false
5b03adfb-ada5-4238-bcb9-b506c9c532b1,0LXSM,325451,Charas,1,2025-09-18 20:08:52.613626+00,false
2197cf39-1cb5-4e44-854a-54a53693b042,0LXSM,395822,Charas,1,2025-09-18 20:08:53.917166+00,false
fc528971-d404-49e8-a853-0db20d36c5ed,0LXSM,414317,Charas,1,2025-09-18 20:08:55.478553+00,false
f17f7e3e-11be-42ea-b5ce-bdf91cfd0a7f,0LXSM,366013,Charas,1,2025-09-18 20:08:56.604489+00,false
3c0a8c09-78f6-4561-86ec-1cabb400054d,0LXSM,299252,Charas,1,2025-09-18 20:08:58.216086+00,false
469e667d-5145-4fac-bb9a-1a35258c1983,0LXSM,349286,Charas,1,2025-09-18 20:08:59.209658+00,false
5a636dba-4022-4650-a253-5d8297b29d3f,0LXSM,321259,Charas,1,2025-09-18 20:09:01.541997+00,false
9e2d429d-b500-4f0a-95e4-2aa2a7546c9b,0LXSM,313718,Charas,1,2025-09-18 20:09:03.0263+00,false
5d99b0eb-e0e0-4dfb-96f6-ab6d762c7d59,0LXSM,397897,Charas,1,2025-09-18 20:09:04.126992+00,false
3a4bcdee-0263-46f8-962e-684d721d8caf,0LXSM,315954,Charas,-2,2025-09-18 20:09:11.139472+00,false
3a86b788-b31c-4b5e-9e3d-c6ae86f46a85,0LXSM,346467,Charas,-2,2025-09-18 20:09:12.088847+00,false
d1a95109-afa6-4fb9-bec1-f1590a1731fc,0LXSM,364787,Charas,1,2025-09-18 20:09:13.082764+00,false
38d89c98-6083-42e7-a4f5-63367cf7ea24,0LXSM,423729,Charas,-2,2025-09-18 20:09:14.764189+00,false
1f7d569f-5f88-4f2d-9381-14898169d82e,0LXSM,325829,Charas,1,2025-09-18 20:09:16.007698+00,false
9d36c35a-6e31-4b3d-80f4-b5c738e10144,0LXSM,335869,Charas,0,2025-09-18 20:09:22.811259+00,false
4331d185-43bf-4dda-be6c-3c53396d108f,0LXSM,287228,Charas,-2,2025-09-18 20:09:25.634492+00,false
41a8fb97-25da-42ff-8285-50cffcf5a863,0LXSM,358690,Charas,1,2025-09-18 20:09:27.224373+00,false
7b86b168-5b47-4a8c-963a-aee30a9aac44,0LXSM,360152,Charas,1,2025-09-18 20:09:29.36535+00,false
6e8591cc-87a6-4fdb-a656-ad6069eeee76,0LXSM,360061,Charas,1,2025-09-18 20:09:30.999199+00,false
f8958e91-3030-4eae-8ad7-aee986f6b394,0LXSM,403511,Charas,1,2025-09-18 20:09:34.415877+00,false
7acb26c4-f2a8-4016-b9c9-1e53ae2b63a0,0LXSM,360153,Charas,1,2025-09-18 20:09:35.343337+00,false
15d474cb-9d19-484b-a05c-6322f852e078,0LXSM,298047,Charas,1,2025-09-18 20:09:36.3519+00,false
12356c19-a3d1-4d5e-b1a1-ccd935fd167b,0LXSM,354553,Charas,1,2025-09-18 20:09:37.324332+00,false
1e1eea36-ec8d-448c-89ac-aefa133e5d35,0LXSM,303600,Charas,1,2025-09-18 20:09:38.280385+00,false
9a48caa6-a9e0-451d-ae5f-a8f6e011c3f5,0LXSM,379908,Charas,1,2025-09-18 20:09:39.149068+00,false
d172d856-5b75-4af9-93af-f0bd3f87acdc,0LXSM,302336,Charas,1,2025-09-18 20:09:39.985159+00,false
9fc6a40f-6812-4a06-83a1-0fe2dc9eee5c,0LXSM,335528,Charas,1,2025-09-18 20:09:41.563832+00,false
24141ead-e321-42ea-9f7f-0d010bf0d62c,0LXSM,379056,Charas,1,2025-09-18 20:09:45.936994+00,false
659b0329-88cf-4035-b879-beabfda074c5,0LXSM,310100,Charas,1,2025-09-18 20:09:47.20236+00,false
72f4b744-81f0-4adb-9ab3-3b41e0b984fe,0LXSM,211534,pam,1,2025-09-19 15:26:23.53296+00,false
0ea946c2-e4cd-45e7-be23-d47eb501f68b,0LXSM,345972,pam,1,2025-09-19 15:26:47.805865+00,false
fbdb37ac-5ccc-44ed-b998-3d4a0136a0d3,0LXSM,377061,pam,1,2025-09-19 15:26:51.511811+00,false
1312aea8-c32a-4b09-a106-7745a4b4b3b8,0LXSM,121193,pam,1,2025-09-19 15:26:57.039707+00,false
650cfd70-3343-4155-929c-42d563890043,0LXSM,393429,pam,1,2025-09-19 15:26:58.984024+00,false
8fb409b5-37cb-4824-8173-0f6859f194f5,0LXSM,395906,pam,1,2025-09-19 15:27:51.039299+00,false
ac0cce15-161d-48d8-84ce-8e73a78d1b20,0LXSM,357963,pam,1,2025-09-19 15:28:08.982528+00,false
2abbe4ca-b691-4296-bc4a-1a36b39bf3c8,0LXSM,226605,pam,1,2025-09-19 15:28:13.033652+00,false
541fdb1e-5bca-410d-aa4e-d0c789ccfc21,0LXSM,381072,pam,1,2025-09-19 15:28:23.563179+00,false
68c81f8d-dec1-42ac-b982-71202abc7ed2,0LXSM,356909,pam,1,2025-09-19 15:28:27.415886+00,false
ab3f225c-dd8d-4512-a69e-b3f552f6f221,0LXSM,360153,pam,1,2025-09-19 15:31:04.436161+00,false
1d946027-9251-4abf-8154-50094e550c9e,0LXSM,381834,pam,1,2025-09-19 15:31:18.107431+00,false
31d5ca0c-5526-4504-b134-dc6d98470844,0LXSM,105593,pam,1,2025-09-19 15:31:23.21498+00,false
310b2de1-d839-4571-b7d1-2d83172676a7,0LXSM,237182,pam,1,2025-09-19 15:31:47.968147+00,false
3e9a8b46-1a74-4fa7-b678-0ea3a61122a6,0LXSM,298638,pam,1,2025-09-19 15:32:10.25536+00,false
dc494f88-54c4-43ea-921d-00f444e3eb78,0LXSM,150145,pam,1,2025-09-19 15:32:13.406498+00,false
c84c375e-d56d-4c99-9b7f-e2946ec73ae8,0LXSM,180020,pam,1,2025-09-19 15:32:36.134196+00,false
8ee5c981-180f-487e-badd-df2eca840f9e,0LXSM,413246,pam,1,2025-09-19 15:33:09.12078+00,false
83adee76-d118-4fac-8522-3fc1bc56340e,0LXSM,41,CHANO,0,2025-09-21 00:59:18.234939+00,false
f7218f1d-0267-4f7d-95f6-8ecdc53cdb46,0LXSM,207830,CHANO,1,2025-09-21 00:59:20.251454+00,false
d001c5ff-640f-4b05-888f-564e1add9737,0LXSM,313008,CHANO,-2,2025-09-21 00:59:28.812543+00,false
4300b461-95c0-471e-93a0-5cb2bfe99090,0LXSM,118,CHANO,1,2025-09-21 00:59:31.223935+00,false
e726f375-6274-4712-ad36-c2c4c34303e4,0LXSM,211534,CHANO,1,2025-09-21 00:59:32.668503+00,false
30818565-9bf0-441c-a4c5-1dddd64023c0,0LXSM,10547,CHANO,-2,2025-09-21 00:59:34.211726+00,false
33e4cb12-9f8d-4e1e-ad45-b1a9925aec49,0LXSM,378890,CHANO,-2,2025-09-21 00:59:45.314558+00,false
664cd285-c0d8-4a16-bda1-bf6b2f062fc3,0LXSM,383009,CHANO,-2,2025-09-21 00:59:49.011991+00,false
004f7237-68b7-4d5e-8134-ae64b7ac1c6d,0LXSM,413246,CHANO,1,2025-09-21 00:59:50.755392+00,false
4499ed6e-ad01-4721-922f-4ef7309543d3,0LXSM,332386,CHANO,-2,2025-09-21 00:59:52.777722+00,false
834f7841-a434-468b-8f65-323f9c5a9794,0LXSM,359502,CHANO,1,2025-09-21 00:59:54.472342+00,false
aae9ea5b-8df8-4c13-959c-8df35e3da313,0LXSM,365761,CHANO,1,2025-09-21 00:59:56.465184+00,false
f532ae71-5e0c-411e-847f-def63f419235,0LXSM,360485,CHANO,1,2025-09-21 00:59:59.655152+00,false
44d5747c-6458-454c-85c9-709a4bc1066f,0LXSM,360484,CHANO,1,2025-09-21 01:00:01.70382+00,false
bc578818-b4e6-47a9-8aeb-f98053d4b791,0LXSM,392200,CHANO,1,2025-09-21 01:00:03.518108+00,false
cf308b6b-0d54-4a9b-935a-267c845e48fe,0LXSM,345972,CHANO,1,2025-09-21 01:00:04.870402+00,false
6825c052-f6c3-4c40-830f-da552aa7abc8,0LXSM,359893,CHANO,-2,2025-09-21 01:00:10.322484+00,false
156ae825-bc0c-404b-a7eb-1136b68642f8,0LXSM,377061,CHANO,1,2025-09-21 01:00:12.264038+00,false
727e1218-aeb6-4ecd-a9c3-db2a52b0d3e7,0LXSM,390422,CHANO,-2,2025-09-21 01:00:25.774927+00,false
a38d4e4d-4766-43ef-b617-084d74d2defa,0LXSM,392144,CHANO,-2,2025-09-21 01:00:27.70997+00,false
08611c13-0e62-444e-a5e8-345618d7b01f,0LXSM,121193,CHANO,1,2025-09-21 01:00:29.662938+00,false
ff2d318d-2314-47a8-9872-67a1a1bfdf3f,0LXSM,393429,CHANO,1,2025-09-21 01:00:31.608884+00,false
1a006d84-a647-4f8e-a88b-42e8b95caca5,0LXSM,414479,CHANO,1,2025-09-21 01:00:33.536222+00,false
a8a8099a-0ad8-400e-a91f-8f03055b4edb,0LXSM,358246,CHANO,-2,2025-09-21 01:00:35.163152+00,false
11b860bf-7500-4578-be3e-d181f884822b,0LXSM,397931,CHANO,1,2025-09-21 01:00:36.85142+00,false
1b66cd96-d202-4baa-b8a9-bb8377e084d7,0LXSM,421471,CHANO,1,2025-09-21 01:00:38.438246+00,false
ff93279f-b934-4e8f-b893-e49f5e981b7f,0LXSM,369646,CHANO,1,2025-09-21 01:00:40.168004+00,false
1945ab5d-02b1-48b4-9c8a-3554a0e2b186,0LXSM,430124,CHANO,1,2025-09-21 01:00:46.598015+00,false
ac898794-2705-4ab0-b569-a48e2718beae,0LXSM,423689,CHANO,1,2025-09-21 01:00:47.946593+00,false
679c1da9-fcd9-4ae9-aafa-b53869728eee,0LXSM,410813,CHANO,1,2025-09-21 01:00:50.250591+00,false
dc84a187-1ea5-4a13-bea5-a8149d41d6ec,0LXSM,446207,CHANO,1,2025-09-21 01:00:51.665352+00,false
702e8878-0da6-474e-bd8a-d9d5a8a9e598,0LXSM,423687,CHANO,1,2025-09-21 01:00:53.271425+00,false
702ebebe-67a7-44b7-8980-2b1a68a27207,0LXSM,403508,CHANO,1,2025-09-21 01:00:54.766197+00,false
d0f81511-d292-4e5d-ad3e-3c40d9d730b1,0LXSM,423295,CHANO,1,2025-09-21 01:00:56.368501+00,false
c4207ab5-13ba-43d5-94a9-159eff84239d,0LXSM,365581,CHANO,-2,2025-09-21 01:01:05.387664+00,false
85aae0a2-e576-452e-9e1d-def64abb3317,0LXSM,357746,CHANO,-2,2025-09-21 01:01:08.570917+00,false
dae1bed2-c4e3-4f6d-a89a-87f22c768a91,0LXSM,352764,CHANO,1,2025-09-21 01:01:12.46079+00,false
693b6c2a-1638-454e-98e8-51b20c79d921,0LXSM,331050,CHANO,1,2025-09-21 01:01:14.207811+00,false
1060a85a-f2ba-418e-a182-0957295c2928,0LXSM,284760,CHANO,1,2025-09-21 01:01:16.73499+00,false
a34194ed-2b4b-4ac0-9113-7ad5edd917d3,0LXSM,391217,CHANO,1,2025-09-21 01:01:19.38079+00,false
fa4bd9f1-7689-4c88-be78-7302405b72dc,0LXSM,391561,CHANO,1,2025-09-21 01:01:21.229518+00,false
1bd463a6-2669-457f-8310-b71baf108acd,0LXSM,299047,CHANO,1,2025-09-21 01:01:22.85451+00,false
07434a3d-6886-4a52-9dfc-9337bf6f7692,0LXSM,411003,CHANO,1,2025-09-21 01:01:24.292651+00,false
d993814a-831c-42ae-adbe-0c5256dcf11a,0LXSM,256382,CHANO,1,2025-09-21 01:01:26.40974+00,false
b9295f98-16eb-4e03-af5d-4e936db5b1ec,0LXSM,271518,CHANO,1,2025-09-21 01:01:27.695865+00,false
7eab9749-78d0-4d16-8380-1bd68ea436fc,0LXSM,416087,CHANO,-2,2025-09-21 01:01:31.610847+00,false
1185a3b7-0061-4f01-aabe-7660c0889c00,0LXSM,254683,CHANO,1,2025-09-21 01:01:32.786443+00,false
52d4b91a-acc9-4314-972e-e90894a79555,0LXSM,363278,CHANO,1,2025-09-21 01:01:34.627034+00,false
c7934ea1-127c-40f8-bea6-ec3e82dd49c6,0LXSM,395906,CHANO,1,2025-09-21 01:01:37.141135+00,false
1a24c775-9266-4a67-b1d8-f6f78670da6e,0LXSM,256804,CHANO,1,2025-09-21 01:01:38.261409+00,false
2085bd80-033d-476a-b78d-7567fae196dd,0LXSM,343282,CHANO,1,2025-09-21 01:01:40.911351+00,false
36f24358-64f8-4e01-8499-4153a4b67b64,0LXSM,260214,CHANO,1,2025-09-21 01:01:46.393249+00,false
6bf9b575-b790-4ae9-97e4-950af501a906,0LXSM,346205,CHANO,-2,2025-09-21 01:01:51.293859+00,false
c0d393a5-638f-4a82-aa66-d3c0ee1d5ce8,0LXSM,385761,CHANO,-2,2025-09-21 01:02:02.595153+00,false
5a0a0788-8b0f-44bf-96cb-2c419fac82bd,0LXSM,140,CHANO,1,2025-09-21 01:02:11.552196+00,false
45421a53-5c51-4c30-9395-d812020d98d2,0LXSM,436892,CHANO,1,2025-09-21 01:02:13.652484+00,false
69a16d8a-9cb5-46d6-a9b0-c36ea650cfa3,0LXSM,277659,CHANO,-2,2025-09-21 01:02:16.872164+00,false
571e0359-43fd-49c3-91e1-036a0edd650e,0LXSM,307686,CHANO,-2,2025-09-21 01:02:18.697777+00,false
579dd619-488d-4662-9874-3deaa717e436,0LXSM,354775,CHANO,-2,2025-09-21 01:02:20.431716+00,false
b1616b1e-a602-48d9-a74e-fb7a66110158,0LXSM,354776,CHANO,-2,2025-09-21 01:02:21.493485+00,false
c6d1035c-d121-4ebe-8edc-f57715abb620,0LXSM,307687,CHANO,-2,2025-09-21 01:02:23.388244+00,false
9d2b82d6-c201-4354-91ae-0544b1dbd64a,0LXSM,386835,CHANO,-2,2025-09-21 01:02:24.576245+00,false
889a038d-11e5-4416-8f59-4832ab919b6e,0LXSM,310177,CHANO,-2,2025-09-21 01:02:26.043631+00,false
b38637ed-9875-4251-8694-c92c326ee19e,0LXSM,354824,CHANO,-2,2025-09-21 01:02:27.46295+00,false
2271637e-0547-458a-a90d-f8e13221eedc,0LXSM,307683,CHANO,-2,2025-09-21 01:02:28.846508+00,false
c8ad5080-e7d4-4b16-89f8-4ba5761f7e21,0LXSM,307684,CHANO,-2,2025-09-21 01:02:30.376548+00,false
97e01849-e99b-4958-9ef8-5edce0828f52,0LXSM,357963,CHANO,1,2025-09-21 01:02:32.265157+00,false
07698cca-7516-4537-996c-cd7eb9871fd2,0LXSM,226605,CHANO,1,2025-09-21 01:02:33.587175+00,false
5f10e4a4-df6d-49bb-8d14-e2daba322c70,0LXSM,1472,CHANO,-2,2025-09-21 01:02:35.163888+00,false
d18d4192-d07f-409f-a670-4c020ae1d48f,0LXSM,336986,CHANO,-2,2025-09-21 01:02:37.67189+00,false
666b4c7f-c392-49de-b5fb-9d2c07e7ce1f,0LXSM,420087,CHANO,1,2025-09-21 01:02:43.654301+00,false
ec424e67-4920-4e9b-ba21-023d1bcb38f6,0LXSM,292033,CHANO,-2,2025-09-21 01:02:46.079012+00,false
ef3fa36b-ee18-4044-9fd9-091ae1341718,0LXSM,292029,CHANO,-2,2025-09-21 01:02:47.868313+00,false
c8120f0a-a3f9-4602-927e-88253ff6990c,0LXSM,292031,CHANO,-2,2025-09-21 01:02:49.734884+00,false
03017593-3985-4424-a6d0-fff94fd29944,0LXSM,321539,CHANO,1,2025-09-21 01:02:53.212747+00,false
e646c906-0bcd-45bb-b04c-5dd4e1a0ae58,0LXSM,424991,CHANO,1,2025-09-21 01:02:54.960899+00,false
f4028a03-244e-47e8-9c5e-75faa6ffe16b,0LXSM,381072,CHANO,1,2025-09-21 01:02:58.517506+00,false
a19d519b-bad5-44f3-9594-e94c931c107a,0LXSM,356909,CHANO,1,2025-09-21 01:02:59.801882+00,false
868c0fde-4dcf-4acb-a5ef-8c8ce84b41d2,0LXSM,325414,CHANO,-2,2025-09-21 01:03:03.550144+00,false
ab43946f-f4c3-438f-ba38-fa5557025476,0LXSM,325451,CHANO,-2,2025-09-21 01:03:08.362393+00,false
6b6f5602-996a-4ee0-a086-757dfd8fedc3,0LXSM,395822,CHANO,-2,2025-09-21 01:03:09.483958+00,false
c928f2a5-e4cb-4242-9d06-2af4ec76c34d,0LXSM,414317,CHANO,0,2025-09-21 01:03:12.412422+00,false
941d4851-849f-471e-8ba2-a87e8104a016,0LXSM,366013,CHANO,1,2025-09-21 01:03:15.280105+00,false
c287247a-d930-4943-aa2e-b439522eca69,0LXSM,299252,CHANO,1,2025-09-21 01:03:22.453646+00,false
582a65e4-6844-4dbf-96ad-0b7cbfa46674,0LXSM,349286,CHANO,1,2025-09-21 01:03:24.477025+00,false
70c2d079-5a79-48c0-bd7c-22db38863dc9,0LXSM,321259,CHANO,1,2025-09-21 01:03:27.883496+00,false
05e9a9ea-7c56-440b-b2b2-ff7591a2ec49,0LXSM,313718,CHANO,1,2025-09-21 01:03:29.041704+00,false
fa134141-e24c-4065-a0c3-182b1759a3b5,0LXSM,397897,CHANO,-2,2025-09-21 01:03:33.8546+00,false
bd188380-6764-4b19-8678-516cce1c736e,0LXSM,315954,CHANO,-2,2025-09-21 01:03:36.475228+00,false
c0bf6f26-180e-4b46-941a-16d1e659d9ca,0LXSM,346467,CHANO,-2,2025-09-21 01:03:37.932268+00,false
1c558b2d-5c87-4375-a39c-3cb9d53bd783,0LXSM,364787,CHANO,1,2025-09-21 01:03:39.862568+00,false
5fd266a3-361c-4cb3-b2c2-f3efcaf15b2d,0LXSM,423729,CHANO,-2,2025-09-21 01:03:41.538635+00,false
d5463d63-779a-4e22-8134-5a55f1e39951,0LXSM,325829,CHANO,1,2025-09-21 01:03:43.590722+00,false
370d38fe-f99a-41e1-915c-4c64893b5776,0LXSM,335869,CHANO,0,2025-09-21 01:03:46.329132+00,false
b7090266-47f2-4160-a308-24a9c63929d2,0LXSM,287228,CHANO,-2,2025-09-21 01:03:49.05183+00,false
f53a0ec6-e9a5-45f5-aafa-fcd1a3544723,0LXSM,358690,CHANO,1,2025-09-21 01:03:55.843926+00,false
9e95352b-48ca-43de-9b0c-737786e71645,0LXSM,360152,CHANO,-1,2025-09-21 01:03:59.562906+00,false
ce99ab80-8bfb-409f-a20e-88c465ff30f8,0LXSM,360061,CHANO,-1,2025-09-21 01:04:02.048247+00,false
d0deb669-a1f8-429f-b2a1-6b99b9475440,0LXSM,403511,CHANO,-1,2025-09-21 01:04:03.530765+00,false
c0a399a5-319b-496d-9452-5a5a3f807da0,0LXSM,360153,CHANO,-1,2025-09-21 01:04:04.902247+00,false
4d053f3c-6d38-41e1-a8dd-a9ec6ff11b85,0LXSM,298047,CHANO,-2,2025-09-21 01:04:06.738806+00,false
8e825215-bdaf-4e61-bbbe-41af8e85d6b7,0LXSM,354553,CHANO,-2,2025-09-21 01:04:09.229917+00,false
d2f069ab-e64e-4507-b687-d0993541f9ad,0LXSM,303600,CHANO,-2,2025-09-21 01:04:10.470253+00,false
9359d695-aa01-47da-9215-69fc5b0e79f9,0LXSM,379908,CHANO,-2,2025-09-21 01:04:11.83966+00,false
3e8dae48-924e-4fcb-aa93-4e5709885259,0LXSM,302336,CHANO,0,2025-09-21 01:04:13.842367+00,false
3f75e695-df63-47f7-b515-46edda9870bf,0LXSM,335528,CHANO,0,2025-09-21 01:04:18.32159+00,false
27d2b5ad-6495-46d1-a4b5-b51fb60c3190,0LXSM,379056,CHANO,0,2025-09-21 01:04:21.092462+00,false
6b1a0b54-3183-4f73-869c-2a7476aa9144,0LXSM,310100,CHANO,1,2025-09-21 01:04:23.491173+00,false
462f043a-c36b-4989-860d-19fcc9be2cf7,0LXSM,383172,CHANO,-2,2025-09-21 01:04:26.858022+00,false
39265d2e-d3bc-4346-8be8-f104ec34c46f,0LXSM,365119,CHANO,-2,2025-09-21 01:04:31.781953+00,false
f285fd0d-46a2-40cd-832d-441740c77335,0LXSM,424573,CHANO,-2,2025-09-21 01:04:33.891523+00,false
28e45c2d-40f9-45d3-85ca-2209035a2ec6,0LXSM,381834,CHANO,1,2025-09-21 01:04:35.139784+00,false
d60fb23c-307f-483d-bc60-27908626cdab,0LXSM,281094,CHANO,1,2025-09-21 01:04:47.529646+00,false
e2fd6287-e4ea-4898-9db3-7bdd994a21a0,0LXSM,312786,CHANO,-2,2025-09-21 01:04:50.09261+00,false
fd7383a4-b185-4cb1-b10c-b0b35048e21f,0LXSM,105593,CHANO,1,2025-09-21 01:04:51.369129+00,false
7e33d82a-d59f-434b-8353-0b99f0c7a4ab,0LXSM,316287,CHANO,-2,2025-09-21 01:04:55.002563+00,false
88bd9137-0731-4d7a-8c2a-a197cb93d092,0LXSM,411981,CHANO,1,2025-09-21 01:04:58.068459+00,false
257f12bf-1e46-48e9-ae70-64aa682fe706,0LXSM,378367,CHANO,-2,2025-09-21 01:05:49.453679+00,false
c317a624-95c9-4e3f-9364-c39ea5f0d936,0LXSM,237182,CHANO,1,2025-09-21 01:05:52.455525+00,false
e73222a3-abad-4604-9ada-b7e71dc6a05d,0LXSM,334486,CHANO,1,2025-09-21 01:05:53.478259+00,false
f821cc65-10b3-455d-ae36-3f14e9bc20cf,0LXSM,336276,CHANO,1,2025-09-21 01:05:54.984948+00,false
379d46cb-4fa9-452c-8fc6-67ab47ad099d,0LXSM,334485,CHANO,1,2025-09-21 01:05:56.168269+00,false
2b9ff912-966d-4768-aed7-27098ab81521,0LXSM,334483,CHANO,1,2025-09-21 01:05:57.360432+00,false
1e55f35f-b138-460c-bcbd-53975b598bfe,0LXSM,272638,CHANO,1,2025-09-21 01:05:58.976798+00,false
16ee2033-07d0-4757-a137-339240a20282,0LXSM,330149,CHANO,1,2025-09-21 01:06:00.16234+00,false
f373005b-0441-48d4-89a6-939d815c7b0e,0LXSM,241386,CHANO,1,2025-09-21 01:06:01.16411+00,false
f09e07e4-a5db-4eb5-bebf-81db210088a0,0LXSM,272637,CHANO,1,2025-09-21 01:06:02.236617+00,false
b8481743-017c-46f4-b8c2-f587917f519a,0LXSM,309977,CHANO,1,2025-09-21 01:06:04.323943+00,false
2a82dc45-b81e-4021-8257-51ebfa4846b1,0LXSM,361193,CHANO,1,2025-09-21 01:06:05.456398+00,false
dbfa420c-8338-43d5-a758-3a1a5fbccf4f,0LXSM,94837,CHANO,-2,2025-09-21 01:06:07.484602+00,false
ca4d7909-160a-4b0f-938e-f6babbadbf05,0LXSM,188834,CHANO,-2,2025-09-21 01:06:09.69694+00,false
7330d4b3-4c2b-43c6-97e2-1ae7e4709454,0LXSM,298638,CHANO,1,2025-09-21 01:06:11.234371+00,false
254510a2-2783-4baf-b199-a6c93ca1b00c,0LXSM,230765,CHANO,1,2025-09-21 01:06:13.093871+00,false
c15e08bd-6b47-48ed-a6fb-5423ae8fe6e4,0LXSM,401235,CHANO,1,2025-09-21 01:06:14.360759+00,false
cf8b7e8b-b4a0-46ec-b0de-7ece920d545c,0LXSM,150145,CHANO,1,2025-09-21 01:06:16.27624+00,false
63c69621-7683-4f6c-ab01-03880193309f,0LXSM,425428,CHANO,-2,2025-09-21 01:06:17.975246+00,false
62f8a297-b24d-4fcd-9fdd-6d788e910434,0LXSM,341876,CHANO,0,2025-09-21 01:06:21.227401+00,false
dc1b481c-312e-49fb-bfd2-b62687b1fe2c,0LXSM,253664,CHANO,0,2025-09-21 01:06:24.26258+00,false
0a9ec03f-68fd-4af0-822c-599976149fc4,0LXSM,340420,CHANO,-2,2025-09-21 01:06:26.004604+00,false
ccb9de9c-de9a-4db8-bd10-6f001b51b72e,0LXSM,274533,CHANO,-2,2025-09-21 01:06:31.614452+00,false
e6e6d784-e69e-4714-8dd8-df86eef8cc4c,0LXSM,346296,CHANO,-2,2025-09-21 01:06:35.370461+00,false
ed657cb7-1b8a-4eb7-998e-ce4a0ac0cf4a,0LXSM,216439,CHANO,1,2025-09-21 01:06:36.609456+00,false
35616da3-a52a-40dc-87f3-ecd2988eefd2,0LXSM,429840,CHANO,0,2025-09-21 01:06:43.166973+00,false
32510ba6-31ef-4469-ae5b-fcd552364521,0LXSM,430837,CHANO,0,2025-09-21 01:06:46.370913+00,false
2a4625ad-ce01-4571-9f7e-39693721b5b3,0LXSM,429843,CHANO,0,2025-09-21 01:06:50.169968+00,false
10303b26-128b-4feb-9f60-b088c4bd1c21,0LXSM,429842,CHANO,0,2025-09-21 01:06:51.336455+00,false
cf436d33-849b-488b-ac9a-fbf799e85744,0LXSM,430529,CHANO,0,2025-09-21 01:06:59.102614+00,false
a5eee90e-34ef-437d-b042-013a98ccdf3d,0LXSM,429841,CHANO,0,2025-09-21 01:07:01.265592+00,false
cdc5e644-4222-4f56-9ad0-db0ef8df5f2e,0LXSM,430244,CHANO,0,2025-09-21 01:07:02.376044+00,false
4ff55116-59c3-4f0c-94f9-59144f95b44d,0LXSM,234190,CHANO,-2,2025-09-21 01:07:09.527655+00,false
f8112065-b846-4105-a530-db58ea0f0145,0LXSM,180020,CHANO,1,2025-09-21 01:07:11.078557+00,false
6b4123fe-2621-4e5b-bfd7-e4008ddf7bb4,0LXSM,266667,CHANO,1,2025-09-21 01:07:12.304571+00,false
87253761-5fae-4574-8a45-7de8589acb63,0LXSM,323242,CHANO,1,2025-09-21 01:07:14.417568+00,false
e69d7214-0968-4e01-8476-a7eae269be4f,0LXSM,355483,CHANO,1,2025-09-21 01:07:16.151248+00,false
6bb6f14d-72e9-4a34-8e7a-62fff10062fa,0LXSM,266192,CHANO,-2,2025-09-21 01:07:17.808557+00,false
0bd9f72e-8ce9-4f55-a8d3-4e1d0c14dbf2,0LXSM,336622,CHANO,-2,2025-09-21 01:07:21.044676+00,false
2469acdc-d16a-4a1c-b4cf-7e5ebd181854,0LXSM,425077,CHANO,-2,2025-09-21 01:07:22.578321+00,false
1dba8930-5371-4080-8df6-5b1d41beb371,0LXSM,362202,CHANO,1,2025-09-21 01:07:47.157223+00,false
b97f110b-c11f-41b1-81ac-8b473ba2882a,0LXSM,359893,sonicowoDX,0,2025-09-21 03:38:04.990275+00,false
eace1175-f465-4703-8b59-fbb7b93cac97,0LXSM,216439,sonicowoDX,0,2025-09-21 03:59:43.795659+00,false
55af0ca2-8a2b-4c63-8135-6e7ed737e8c4,0LXSM,207830,sonicowoDX,1,2025-09-18 04:15:24.05238+00,true
84392224-f53f-4fcb-a473-83a174f15b34,0LXSM,321539,sonicowoDX,1,2025-09-18 04:16:37.601712+00,true
aa9a5aa8-52ce-4376-9b12-d9a03819a34c,0LXSM,118,sonicowoDX,1,2025-09-18 04:15:25.72554+00,false
c922ea6f-06c2-42dd-89f6-d045b47827b3,0LXSM,377061,sonicowoDX,1,2025-09-18 04:15:41.03192+00,true
83cd8057-0910-4175-98f3-13c4776d4436,0LXSM,391217,sonicowoDX,1,2025-09-18 04:16:02.635298+00,true
ff853dd2-2e41-4a0c-a072-ae85cc0fa318,0LXSM,271518,sonicowoDX,1,2025-09-18 04:16:07.098698+00,true
3b4dfd9c-c177-43ae-95e5-450da5e63c66,0LXSM,302336,sonicowoDX,1,2025-09-18 04:17:09.583408+00,true
609b2ae2-0bb7-4126-ba20-7f554f3974b4,0LXSM,310100,sonicowoDX,1,2025-09-18 04:17:11.914125+00,true
63ac66df-21c3-44a7-9108-eb51e92cd41e,0LXSM,334483,sonicowoDX,1,2025-09-18 04:17:28.334952+00,true
8d18692e-e935-4144-b9bc-4ddab6660738,0LXSM,309977,sonicowoDX,1,2025-09-18 04:17:32.987234+00,true